count,128.0
M(X),60.12323046875001
Mo(X),59.04736809116634
Me(X),60.167023151331634
D(X),9.023116800399778
Std_dev(X),3.0038503292274363
Skewness,-0.22509666448342824
Kurtosis,-0.37305473161716707
