,x_left,x_right,x_avr,n_f,p_f
0,51.79,53.747,52.7685,3,0.0234375
1,53.747,55.704,54.7255,7,0.0546875
2,55.704,57.661,56.682500000000005,15,0.1171875
3,57.661,59.619,58.64,32,0.25
4,59.619,61.576,60.5975,25,0.1953125
5,61.576,63.533,62.554500000000004,31,0.2421875
6,63.533,65.49,64.5115,12,0.09375
7,65.49,67.448,66.469,3,0.0234375
